
INSERT INTO Hotel_Chain (chain_name, country, city, street_number, unit_number, zip_code, number_of_hotels, contact_email, phone_number) VALUES
('Hilton', 'USA', 'New York', '123', 'A', '10001', 8, 'contact@hilton.com', '123-456-7890'),
('Marriott', 'USA', 'Chicago', '456', 'B', '60601', 8, 'contact@marriott.com', '234-567-8901'),
('Hyatt', 'Canada', 'Toronto', '789', 'C', 'M5V2T6', 8, 'contact@hyatt.com', '345-678-9012'),
('Sheraton', 'USA', 'Los Angeles', '101', 'D', '90001', 8, 'contact@sheraton.com', '456-789-0123'),
('Best Western', 'Canada', 'Vancouver', '202', 'E', 'V6B1H7', 8, 'contact@bestwestern.com', '567-890-1234')
ON CONFLICT (chain_name) DO NOTHING;


INSERT INTO Hotel (hotel_name, chain_name, country, city, street_number, unit_number, zip_code, star_rating, number_of_rooms, contact_email, phone_number) VALUES
('Hilton NY Downtown', 'Hilton', 'USA', 'New York', '101', '1A', '10002', 5, 50, 'nydowntown@hilton.com', '123-456-7891'),
('Hilton NY Midtown', 'Hilton', 'USA', 'New York', '102', '1B', '10003', 4, 40, 'nymidtown@hilton.com', '123-456-7892'),
('Hilton LA Central', 'Hilton', 'USA', 'Los Angeles', '103', '1C', '90002', 5, 60, 'lacentral@hilton.com', '123-456-7893'),
('Hilton LA Beach', 'Hilton', 'USA', 'Los Angeles', '104', '1D', '90003', 4, 45, 'labeach@hilton.com', '123-456-7894'),
('Hilton Miami', 'Hilton', 'USA', 'Miami', '105', '1E', '33101', 3, 30, 'miami@hilton.com', '123-456-7895'),
('Hilton Chicago', 'Hilton', 'USA', 'Chicago', '106', '1F', '60602', 5, 55, 'chicago@hilton.com', '123-456-7896'),
('Hilton Toronto', 'Hilton', 'Canada', 'Toronto', '107', '1G', 'M5V2T7', 4, 50, 'toronto@hilton.com', '123-456-7897'),
('Hilton Vancouver', 'Hilton', 'Canada', 'Vancouver', '108', '1H', 'V6B1H8', 3, 35, 'vancouver@hilton.com', '123-456-7898')
ON CONFLICT (hotel_name) DO NOTHING;


INSERT INTO Hotel (hotel_name, chain_name, country, city, street_number, unit_number, zip_code, star_rating, number_of_rooms, contact_email, phone_number) VALUES
('Marriott Chicago Downtown', 'Marriott', 'USA', 'Chicago', '201', '2A', '60603', 5, 60, 'chicagodowntown@marriott.com', '234-567-8902'),
('Marriott Chicago North', 'Marriott', 'USA', 'Chicago', '202', '2B', '60604', 4, 50, 'chicagonorth@marriott.com', '234-567-8903'),
('Marriott Miami Beach', 'Marriott', 'USA', 'Miami', '203', '2C', '33102', 5, 55, 'miamibeach@marriott.com', '234-567-8904'),
('Marriott Miami Central', 'Marriott', 'USA', 'Miami', '204', '2D', '33103', 4, 40, 'miamicentral@marriott.com', '234-567-8905'),
('Marriott LA', 'Marriott', 'USA', 'Los Angeles', '205', '2E', '90004', 3, 35, 'la@marriott.com', '234-567-8906'),
('Marriott NY', 'Marriott', 'USA', 'New York', '206', '2F', '10004', 5, 60, 'ny@marriott.com', '234-567-8907'),
('Marriott Toronto', 'Marriott', 'Canada', 'Toronto', '207', '2G', 'M5V2T8', 4, 45, 'toronto@marriott.com', '234-567-8908'),
('Marriott Vancouver', 'Marriott', 'Canada', 'Vancouver', '208', '2H', 'V6B1H9', 3, 30, 'vancouver@marriott.com', '234-567-8909')
ON CONFLICT (hotel_name) DO NOTHING;


INSERT INTO Hotel (hotel_name, chain_name, country, city, street_number, unit_number, zip_code, star_rating, number_of_rooms, contact_email, phone_number) VALUES
('Hyatt Toronto Downtown', 'Hyatt', 'Canada', 'Toronto', '301', '3A', 'M5V2T9', 5, 55, 'torontodowntown@hyatt.com', '345-678-9013'),
('Hyatt Toronto East', 'Hyatt', 'Canada', 'Toronto', '302', '3B', 'M5V3T0', 4, 40, 'torontoeast@hyatt.com', '345-678-9014'),
('Hyatt Vancouver Central', 'Hyatt', 'Canada', 'Vancouver', '303', '3C', 'V6B1I0', 5, 50, 'vancouvercentral@hyatt.com', '345-678-9015'),
('Hyatt Vancouver West', 'Hyatt', 'Canada', 'Vancouver', '304', '3D', 'V6B1I1', 4, 45, 'vancouverwest@hyatt.com', '345-678-9016'),
('Hyatt NY', 'Hyatt', 'USA', 'New York', '305', '3E', '10005', 3, 35, 'ny@hyatt.com', '345-678-9017'),
('Hyatt LA', 'Hyatt', 'USA', 'Los Angeles', '306', '3F', '90005', 5, 60, 'la@hyatt.com', '345-678-9018'),
('Hyatt Chicago', 'Hyatt', 'USA', 'Chicago', '307', '3G', '60605', 4, 50, 'chicago@hyatt.com', '345-678-9019'),
('Hyatt Miami', 'Hyatt', 'USA', 'Miami', '308', '3H', '33104', 3, 30, 'miami@hyatt.com', '345-678-9020')
ON CONFLICT (hotel_name) DO NOTHING;


INSERT INTO Hotel (hotel_name, chain_name, country, city, street_number, unit_number, zip_code, star_rating, number_of_rooms, contact_email, phone_number) VALUES
('Sheraton LA Downtown', 'Sheraton', 'USA', 'Los Angeles', '401', '4A', '90006', 5, 55, 'ladowntown@sheraton.com', '456-789-0124'),
('Sheraton LA South', 'Sheraton', 'USA', 'Los Angeles', '402', '4B', '90007', 4, 40, 'lasouth@sheraton.com', '456-789-0125'),
('Sheraton NY Central', 'Sheraton', 'USA', 'New York', '403', '4C', '10006', 5, 50, 'nycentral@sheraton.com', '456-789-0126'),
('Sheraton NY West', 'Sheraton', 'USA', 'New York', '404', '4D', '10007', 4, 45, 'nywest@sheraton.com', '456-789-0127'),
('Sheraton Chicago', 'Sheraton', 'USA', 'Chicago', '405', '4E', '60606', 3, 35, 'chicago@sheraton.com', '456-789-0128'),
('Sheraton Miami', 'Sheraton', 'USA', 'Miami', '406', '4F', '33105', 5, 60, 'miami@sheraton.com', '456-789-0129'),
('Sheraton Toronto', 'Sheraton', 'Canada', 'Toronto', '407', '4G', 'M5V3T1', 4, 50, 'toronto@sheraton.com', '456-789-0130'),
('Sheraton Vancouver', 'Sheraton', 'Canada', 'Vancouver', '408', '4H', 'V6B1I2', 3, 30, 'vancouver@sheraton.com', '456-789-0131')
ON CONFLICT (hotel_name) DO NOTHING;


INSERT INTO Hotel (hotel_name, chain_name, country, city, street_number, unit_number, zip_code, star_rating, number_of_rooms, contact_email, phone_number) VALUES
('Best Western Vancouver Downtown', 'Best Western', 'Canada', 'Vancouver', '501', '5A', 'V6B1I3', 4, 40, 'vancouverdowntown@bestwestern.com', '567-890-1235'),
('Best Western Vancouver East', 'Best Western', 'Canada', 'Vancouver', '502', '5B', 'V6B1I4', 3, 35, 'vancouvereast@bestwestern.com', '567-890-1236'),
('Best Western Toronto Central', 'Best Western', 'Canada', 'Toronto', '503', '5C', 'M5V3T2', 4, 45, 'torontocentral@bestwestern.com', '567-890-1237'),
('Best Western Toronto North', 'Best Western', 'Canada', 'Toronto', '504', '5D', 'M5V3T3', 3, 30, 'torontonorth@bestwestern.com', '567-890-1238'),
('Best Western NY', 'Best Western', 'USA', 'New York', '505', '5E', '10008', 4, 50, 'ny@bestwestern.com', '567-890-1239'),
('Best Western LA', 'Best Western', 'USA', 'Los Angeles', '506', '5F', '90008', 3, 35, 'la@bestwestern.com', '567-890-1240'),
('Best Western Chicago', 'Best Western', 'USA', 'Chicago', '507', '5G', '60607', 4, 40, 'chicago@bestwestern.com', '567-890-1241'),
('Best Western Miami', 'Best Western', 'USA', 'Miami', '508', '5H', '33106', 3, 30, 'miami@bestwestern.com', '567-890-1242')
ON CONFLICT (hotel_name) DO NOTHING;


INSERT INTO Room (room_number, hotel_name, price, amenities, capacity, view_type, expandable, issues, status) VALUES
(101, 'Hilton NY Downtown', 200.00, 'TV, air condition, fridge', 'single', 'sea', FALSE, NULL, 'available'),
(102, 'Hilton NY Downtown', 250.00, 'TV, air condition', 'double', 'mountain', TRUE, NULL, 'available'),
(103, 'Hilton NY Downtown', 300.00, 'TV, air condition, fridge', 'triple', 'none', TRUE, NULL, 'available'),
(104, 'Hilton NY Downtown', 350.00, 'TV, air condition, fridge, jacuzzi', 'family', 'sea', TRUE, NULL, 'available'),
(105, 'Hilton NY Downtown', 280.00, 'TV, air condition', 'double', 'mountain', FALSE, 'broken window', 'maintenance'),
(101, 'Hilton NY Midtown', 180.00, 'TV, air condition', 'single', 'none', FALSE, NULL, 'available'),
(102, 'Hilton NY Midtown', 230.00, 'TV, air condition, fridge', 'double', 'sea', TRUE, NULL, 'available'),
(103, 'Hilton NY Midtown', 280.00, 'TV, air condition', 'triple', 'mountain', TRUE, NULL, 'available'),
(104, 'Hilton NY Midtown', 320.00, 'TV, air condition, fridge', 'family', 'none', TRUE, NULL, 'available'),
(105, 'Hilton NY Midtown', 260.00, 'TV, air condition', 'double', 'sea', TRUE, NULL, 'available'),
(101, 'Hilton LA Central', 220.00, 'TV, air condition', 'single', 'sea', FALSE, NULL, 'available'),
(102, 'Hilton LA Central', 270.00, 'TV, air condition, fridge', 'double', 'mountain', TRUE, NULL, 'available'),
(103, 'Hilton LA Central', 310.00, 'TV, air condition', 'triple', 'none', TRUE, NULL, 'available'),
(104, 'Hilton LA Central', 360.00, 'TV, air condition, fridge', 'family', 'sea', TRUE, NULL, 'available'),
(105, 'Hilton LA Central', 290.00, 'TV, air condition', 'double', 'mountain', TRUE, NULL, 'available'),
(101, 'Hilton LA Beach', 210.00, 'TV, air condition, fridge', 'single', 'sea', FALSE, NULL, 'available'),
(102, 'Hilton LA Beach', 260.00, 'TV, air condition', 'double', 'mountain', TRUE, NULL, 'available'),
(103, 'Hilton LA Beach', 300.00, 'TV, air condition, fridge', 'triple', 'none', TRUE, NULL, 'available'),
(104, 'Hilton LA Beach', 340.00, 'TV, air condition', 'family', 'sea', TRUE, NULL, 'available'),
(105, 'Hilton LA Beach', 280.00, 'TV, air condition', 'double', 'mountain', TRUE, NULL, 'available'),
(101, 'Hilton Miami', 190.00, 'TV, air condition', 'single', 'none', FALSE, NULL, 'available'),
(102, 'Hilton Miami', 240.00, 'TV, air condition, fridge', 'double', 'sea', TRUE, NULL, 'available'),
(103, 'Hilton Miami', 290.00, 'TV, air condition', 'triple', 'mountain', TRUE, NULL, 'available'),
(104, 'Hilton Miami', 330.00, 'TV, air condition, fridge', 'family', 'none', TRUE, NULL, 'available'),
(105, 'Hilton Miami', 270.00, 'TV, air condition', 'double', 'sea', TRUE, NULL, 'available'),
(101, 'Hilton Chicago', 210.00, 'TV, air condition', 'single', 'sea', FALSE, NULL, 'available'),
(102, 'Hilton Chicago', 260.00, 'TV, air condition, fridge', 'double', 'mountain', TRUE, NULL, 'available'),
(103, 'Hilton Chicago', 300.00, 'TV, air condition', 'triple', 'none', TRUE, NULL, 'available'),
(104, 'Hilton Chicago', 350.00, 'TV, air condition, fridge', 'family', 'sea', TRUE, NULL, 'available'),
(105, 'Hilton Chicago', 280.00, 'TV, air condition', 'double', 'mountain', TRUE, NULL, 'available'),
(101, 'Hilton Toronto', 200.00, 'TV, air condition', 'single', 'none', FALSE, NULL, 'available'),
(102, 'Hilton Toronto', 250.00, 'TV, air condition, fridge', 'double', 'sea', TRUE, NULL, 'available'),
(103, 'Hilton Toronto', 290.00, 'TV, air condition', 'triple', 'mountain', TRUE, NULL, 'available'),
(104, 'Hilton Toronto', 340.00, 'TV, air condition, fridge', 'family', 'none', TRUE, NULL, 'available'),
(105, 'Hilton Toronto', 270.00, 'TV, air condition', 'double', 'sea', TRUE, NULL, 'available'),
(101, 'Hilton Vancouver', 190.00, 'TV, air condition', 'single', 'sea', FALSE, NULL, 'available'),
(102, 'Hilton Vancouver', 240.00, 'TV, air condition, fridge', 'double', 'mountain', TRUE, NULL, 'available'),
(103, 'Hilton Vancouver', 280.00, 'TV, air condition', 'triple', 'none', TRUE, NULL, 'available'),
(104, 'Hilton Vancouver', 330.00, 'TV, air condition, fridge', 'family', 'sea', TRUE, NULL, 'available'),
(105, 'Hilton Vancouver', 260.00, 'TV, air condition', 'double', 'mountain', TRUE, NULL, 'available'),
(101, 'Marriott Chicago Downtown', 220.00, 'TV, air condition', 'single', 'sea', FALSE, NULL, 'available'),
(102, 'Marriott Chicago Downtown', 270.00, 'TV, air condition, fridge', 'double', 'mountain', TRUE, NULL, 'available'),
(103, 'Marriott Chicago Downtown', 310.00, 'TV, air condition', 'triple', 'none', TRUE, NULL, 'available'),
(104, 'Marriott Chicago Downtown', 360.00, 'TV, air condition, fridge', 'family', 'sea', TRUE, NULL, 'available'),
(105, 'Marriott Chicago Downtown', 290.00, 'TV, air condition', 'double', 'mountain', TRUE, NULL, 'available'),
(101, 'Marriott Chicago North', 200.00, 'TV, air condition', 'single', 'none', FALSE, NULL, 'available'),
(102, 'Marriott Chicago North', 250.00, 'TV, air condition, fridge', 'double', 'sea', TRUE, NULL, 'available'),
(103, 'Marriott Chicago North', 290.00, 'TV, air condition', 'triple', 'mountain', TRUE, NULL, 'available'),
(104, 'Marriott Chicago North', 340.00, 'TV, air condition, fridge', 'family', 'none', TRUE, NULL, 'available'),
(105, 'Marriott Chicago North', 270.00, 'TV, air condition', 'double', 'sea', TRUE, NULL, 'available'),
(101, 'Marriott Miami Beach', 210.00, 'TV, air condition', 'single', 'sea', FALSE, NULL, 'available'),
(102, 'Marriott Miami Beach', 260.00, 'TV, air condition, fridge', 'double', 'mountain', TRUE, NULL, 'available'),
(103, 'Marriott Miami Beach', 300.00, 'TV, air condition', 'triple', 'none', TRUE, NULL, 'available'),
(104, 'Marriott Miami Beach', 350.00, 'TV, air condition, fridge', 'family', 'sea', TRUE, NULL, 'available'),
(105, 'Marriott Miami Beach', 280.00, 'TV, air condition', 'double', 'mountain', TRUE, NULL, 'available'),
(101, 'Marriott Miami Central', 190.00, 'TV, air condition', 'single', 'none', FALSE, NULL, 'available'),
(102, 'Marriott Miami Central', 240.00, 'TV, air condition, fridge', 'double', 'sea', TRUE, NULL, 'available'),
(103, 'Marriott Miami Central', 280.00, 'TV, air condition', 'triple', 'mountain', TRUE, NULL, 'available'),
(104, 'Marriott Miami Central', 330.00, 'TV, air condition, fridge', 'family', 'none', TRUE, NULL, 'available'),
(105, 'Marriott Miami Central', 260.00, 'TV, air condition', 'double', 'sea', TRUE, NULL, 'available'),
(101, 'Marriott LA', 200.00, 'TV, air condition', 'single', 'sea', FALSE, NULL, 'available'),
(102, 'Marriott LA', 250.00, 'TV, air condition, fridge', 'double', 'mountain', TRUE, NULL, 'available'),
(103, 'Marriott LA', 290.00, 'TV, air condition', 'triple', 'none', TRUE, NULL, 'available'),
(104, 'Marriott LA', 340.00, 'TV, air condition, fridge', 'family', 'sea', TRUE, NULL, 'available'),
(105, 'Marriott LA', 270.00, 'TV, air condition', 'double', 'mountain', TRUE, NULL, 'available'),
(101, 'Marriott NY', 210.00, 'TV, air condition', 'single', 'none', FALSE, NULL, 'available'),
(102, 'Marriott NY', 260.00, 'TV, air condition, fridge', 'double', 'sea', TRUE, NULL, 'available'),
(103, 'Marriott NY', 300.00, 'TV, air condition', 'triple', 'mountain', TRUE, NULL, 'available'),
(104, 'Marriott NY', 350.00, 'TV, air condition, fridge', 'family', 'none', TRUE, NULL, 'available'),
(105, 'Marriott NY', 280.00, 'TV, air condition', 'double', 'sea', TRUE, NULL, 'available'),
(101, 'Marriott Toronto', 200.00, 'TV, air condition', 'single', 'sea', FALSE, NULL, 'available'),
(102, 'Marriott Toronto', 250.00, 'TV, air condition, fridge', 'double', 'mountain', TRUE, NULL, 'available'),
(103, 'Marriott Toronto', 290.00, 'TV, air condition', 'triple', 'none', TRUE, NULL, 'available'),
(104, 'Marriott Toronto', 340.00, 'TV, air condition, fridge', 'family', 'sea', TRUE, NULL, 'available'),
(105, 'Marriott Toronto', 270.00, 'TV, air condition', 'double', 'mountain', TRUE, NULL, 'available'),
(101, 'Marriott Vancouver', 190.00, 'TV, air condition', 'single', 'none', FALSE, NULL, 'available'),
(102, 'Marriott Vancouver', 240.00, 'TV, air condition, fridge', 'double', 'sea', TRUE, NULL, 'available'),
(103, 'Marriott Vancouver', 280.00, 'TV, air condition', 'triple', 'mountain', TRUE, NULL, 'available'),
(104, 'Marriott Vancouver', 330.00, 'TV, air condition, fridge', 'family', 'none', TRUE, NULL, 'available'),
(105, 'Marriott Vancouver', 260.00, 'TV, air condition', 'double', 'sea', TRUE, NULL, 'available'),
(101, 'Hyatt Toronto Downtown', 220.00, 'TV, air condition', 'single', 'sea', FALSE, NULL, 'available'),
(102, 'Hyatt Toronto Downtown', 270.00, 'TV, air condition, fridge', 'double', 'mountain', TRUE, NULL, 'available'),
(103, 'Hyatt Toronto Downtown', 310.00, 'TV, air condition', 'triple', 'none', TRUE, NULL, 'available'),
(104, 'Hyatt Toronto Downtown', 360.00, 'TV, air condition, fridge', 'family', 'sea', TRUE, NULL, 'available'),
(105, 'Hyatt Toronto Downtown', 290.00, 'TV, air condition', 'double', 'mountain', TRUE, NULL, 'available'),
(101, 'Hyatt Toronto East', 200.00, 'TV, air condition', 'single', 'none', FALSE, NULL, 'available'),
(102, 'Hyatt Toronto East', 250.00, 'TV, air condition, fridge', 'double', 'sea', TRUE, NULL, 'available'),
(103, 'Hyatt Toronto East', 290.00, 'TV, air condition', 'triple', 'mountain', TRUE, NULL, 'available'),
(104, 'Hyatt Toronto East', 340.00, 'TV, air condition, fridge', 'family', 'none', TRUE, NULL, 'available'),
(105, 'Hyatt Toronto East', 270.00, 'TV, air condition', 'double', 'sea', TRUE, NULL, 'available'),
(101, 'Hyatt Vancouver Central', 210.00, 'TV, air condition', 'single', 'sea', FALSE, NULL, 'available'),
(102, 'Hyatt Vancouver Central', 260.00, 'TV, air condition, fridge', 'double', 'mountain', TRUE, NULL, 'available'),
(103, 'Hyatt Vancouver Central', 300.00, 'TV, air condition', 'triple', 'none', TRUE, NULL, 'available'),
(104, 'Hyatt Vancouver Central', 350.00, 'TV, air condition, fridge', 'family', 'sea', TRUE, NULL, 'available'),
(105, 'Hyatt Vancouver Central', 280.00, 'TV, air condition', 'double', 'mountain', TRUE, NULL, 'available'),
(101, 'Hyatt Vancouver West', 190.00, 'TV, air condition', 'single', 'none', FALSE, NULL, 'available'),
(102, 'Hyatt Vancouver West', 240.00, 'TV, air condition, fridge', 'double', 'sea', TRUE, NULL, 'available'),
(103, 'Hyatt Vancouver West', 280.00, 'TV, air condition', 'triple', 'mountain', TRUE, NULL, 'available'),
(104, 'Hyatt Vancouver West', 330.00, 'TV, air condition, fridge', 'family', 'none', TRUE, NULL, 'available'),
(105, 'Hyatt Vancouver West', 260.00, 'TV, air condition', 'double', 'sea', TRUE, NULL, 'available'),
(101, 'Hyatt NY', 200.00, 'TV, air condition', 'single', 'sea', FALSE, NULL, 'available'),
(102, 'Hyatt NY', 250.00, 'TV, air condition, fridge', 'double', 'mountain', TRUE, NULL, 'available'),
(103, 'Hyatt NY', 290.00, 'TV, air condition', 'triple', 'none', TRUE, NULL, 'available'),
(104, 'Hyatt NY', 340.00, 'TV, air condition, fridge', 'family', 'sea', TRUE, NULL, 'available'),
(105, 'Hyatt NY', 270.00, 'TV, air condition', 'double', 'mountain', TRUE, NULL, 'available'),
(101, 'Hyatt LA', 210.00, 'TV, air condition', 'single', 'none', FALSE, NULL, 'available'),
(102, 'Hyatt LA', 260.00, 'TV, air condition, fridge', 'double', 'sea', TRUE, NULL, 'available'),
(103, 'Hyatt LA', 300.00, 'TV, air condition', 'triple', 'mountain', TRUE, NULL, 'available'),
(104, 'Hyatt LA', 350.00, 'TV, air condition, fridge', 'family', 'none', TRUE, NULL, 'available'),
(105, 'Hyatt LA', 280.00, 'TV, air condition', 'double', 'sea', TRUE, NULL, 'available'),
(101, 'Hyatt Chicago', 200.00, 'TV, air condition', 'single', 'sea', FALSE, NULL, 'available'),
(102, 'Hyatt Chicago', 250.00, 'TV, air condition, fridge', 'double', 'mountain', TRUE, NULL, 'available'),
(103, 'Hyatt Chicago', 290.00, 'TV, air condition', 'triple', 'none', TRUE, NULL, 'available'),
(104, 'Hyatt Chicago', 340.00, 'TV, air condition, fridge', 'family', 'sea', TRUE, NULL, 'available'),
(105, 'Hyatt Chicago', 270.00, 'TV, air condition', 'double', 'mountain', TRUE, NULL, 'available'),
(101, 'Hyatt Miami', 190.00, 'TV, air condition', 'single', 'none', FALSE, NULL, 'available'),
(102, 'Hyatt Miami', 240.00, 'TV, air condition, fridge', 'double', 'sea', TRUE, NULL, 'available'),
(103, 'Hyatt Miami', 280.00, 'TV, air condition', 'triple', 'mountain', TRUE, NULL, 'available'),
(104, 'Hyatt Miami', 330.00, 'TV, air condition, fridge', 'family', 'none', TRUE, NULL, 'available'),
(105, 'Hyatt Miami', 260.00, 'TV, air condition', 'double', 'sea', TRUE, NULL, 'available'),
(101, 'Sheraton LA Downtown', 220.00, 'TV, air condition', 'single', 'sea', FALSE, NULL, 'available'),
(102, 'Sheraton LA Downtown', 270.00, 'TV, air condition, fridge', 'double', 'mountain', TRUE, NULL, 'available'),
(103, 'Sheraton LA Downtown', 310.00, 'TV, air condition', 'triple', 'none', TRUE, NULL, 'available'),
(104, 'Sheraton LA Downtown', 360.00, 'TV, air condition, fridge', 'family', 'sea', TRUE, NULL, 'available'),
(105, 'Sheraton LA Downtown', 290.00, 'TV, air condition', 'double', 'mountain', TRUE, NULL, 'available'),
(101, 'Sheraton LA South', 200.00, 'TV, air condition', 'single', 'none', FALSE, NULL, 'available'),
(102, 'Sheraton LA South', 250.00, 'TV, air condition, fridge', 'double', 'sea', TRUE, NULL, 'available'),
(103, 'Sheraton LA South', 290.00, 'TV, air condition', 'triple', 'mountain', TRUE, NULL, 'available'),
(104, 'Sheraton LA South', 340.00, 'TV, air condition, fridge', 'family', 'none', TRUE, NULL, 'available'),
(105, 'Sheraton LA South', 270.00, 'TV, air condition', 'double', 'sea', TRUE, NULL, 'available'),
(101, 'Sheraton NY Central', 210.00, 'TV, air condition', 'single', 'sea', FALSE, NULL, 'available'),
(102, 'Sheraton NY Central', 260.00, 'TV, air condition, fridge', 'double', 'mountain', TRUE, NULL, 'available'),
(103, 'Sheraton NY Central', 300.00, 'TV, air condition', 'triple', 'none', TRUE, NULL, 'available'),
(104, 'Sheraton NY Central', 350.00, 'TV, air condition, fridge', 'family', 'sea', TRUE, NULL, 'available'),
(105, 'Sheraton NY Central', 280.00, 'TV, air condition', 'double', 'mountain', TRUE, NULL, 'available'),
(101, 'Sheraton NY West', 190.00, 'TV, air condition', 'single', 'none', FALSE, NULL, 'available'),
(102, 'Sheraton NY West', 240.00, 'TV, air condition, fridge', 'double', 'sea', TRUE, NULL, 'available'),
(103, 'Sheraton NY West', 280.00, 'TV, air condition', 'triple', 'mountain', TRUE, NULL, 'available'),
(104, 'Sheraton NY West', 330.00, 'TV, air condition, fridge', 'family', 'none', TRUE, NULL, 'available'),
(105, 'Sheraton NY West', 260.00, 'TV, air condition', 'double', 'sea', TRUE, NULL, 'available'),
(101, 'Sheraton Chicago', 200.00, 'TV, air condition', 'single', 'sea', FALSE, NULL, 'available'),
(102, 'Sheraton Chicago', 250.00, 'TV, air condition, fridge', 'double', 'mountain', TRUE, NULL, 'available'),
(103, 'Sheraton Chicago', 290.00, 'TV, air condition', 'triple', 'none', TRUE, NULL, 'available'),
(104, 'Sheraton Chicago', 340.00, 'TV, air condition, fridge', 'family', 'sea', TRUE, NULL, 'available'),
(105, 'Sheraton Chicago', 270.00, 'TV, air condition', 'double', 'mountain', TRUE, NULL, 'available'),
(101, 'Sheraton Miami', 210.00, 'TV, air condition', 'single', 'none', FALSE, NULL, 'available'),
(102, 'Sheraton Miami', 260.00, 'TV, air condition, fridge', 'double', 'sea', TRUE, NULL, 'available'),
(103, 'Sheraton Miami', 300.00, 'TV, air condition', 'triple', 'mountain', TRUE, NULL, 'available'),
(104, 'Sheraton Miami', 350.00, 'TV, air condition, fridge', 'family', 'none', TRUE, NULL, 'available'),
(105, 'Sheraton Miami', 280.00, 'TV, air condition', 'double', 'sea', TRUE, NULL, 'available'),
(101, 'Sheraton Toronto', 200.00, 'TV, air condition', 'single', 'sea', FALSE, NULL, 'available'),
(102, 'Sheraton Toronto', 250.00, 'TV, air condition, fridge', 'double', 'mountain', TRUE, NULL, 'available'),
(103, 'Sheraton Toronto', 290.00, 'TV, air condition', 'triple', 'none', TRUE, NULL, 'available'),
(104, 'Sheraton Toronto', 340.00, 'TV, air condition, fridge', 'family', 'sea', TRUE, NULL, 'available'),
(105, 'Sheraton Toronto', 270.00, 'TV, air condition', 'double', 'mountain', TRUE, NULL, 'available'),
(101, 'Sheraton Vancouver', 190.00, 'TV, air condition', 'single', 'none', FALSE, NULL, 'available'),
(102, 'Sheraton Vancouver', 240.00, 'TV, air condition, fridge', 'double', 'sea', TRUE, NULL, 'available'),
(103, 'Sheraton Vancouver', 280.00, 'TV, air condition', 'triple', 'mountain', TRUE, NULL, 'available'),
(104, 'Sheraton Vancouver', 330.00, 'TV, air condition, fridge', 'family', 'none', TRUE, NULL, 'available'),
(105, 'Sheraton Vancouver', 260.00, 'TV, air condition', 'double', 'sea', TRUE, NULL, 'available'),
(101, 'Best Western Vancouver Downtown', 220.00, 'TV, air condition', 'single', 'sea', FALSE, NULL, 'available'),
(102, 'Best Western Vancouver Downtown', 270.00, 'TV, air condition, fridge', 'double', 'mountain', TRUE, NULL, 'available'),
(103, 'Best Western Vancouver Downtown', 310.00, 'TV, air condition', 'triple', 'none', TRUE, NULL, 'available'),
(104, 'Best Western Vancouver Downtown', 360.00, 'TV, air condition, fridge', 'family', 'sea', TRUE, NULL, 'available'),
(105, 'Best Western Vancouver Downtown', 290.00, 'TV, air condition', 'double', 'mountain', TRUE, NULL, 'available'),
(101, 'Best Western Vancouver East', 200.00, 'TV, air condition', 'single', 'none', FALSE, NULL, 'available'),
(102, 'Best Western Vancouver East', 250.00, 'TV, air condition, fridge', 'double', 'sea', TRUE, NULL, 'available'),
(103, 'Best Western Vancouver East', 290.00, 'TV, air condition', 'triple', 'mountain', TRUE, NULL, 'available'),
(104, 'Best Western Vancouver East', 340.00, 'TV, air condition, fridge', 'family', 'none', TRUE, NULL, 'available'),
(105, 'Best Western Vancouver East', 270.00, 'TV, air condition', 'double', 'sea', TRUE, NULL, 'available'),
(101, 'Best Western Toronto Central', 210.00, 'TV, air condition', 'single', 'sea', FALSE, NULL, 'available'),
(102, 'Best Western Toronto Central', 260.00, 'TV, air condition, fridge', 'double', 'mountain', TRUE, NULL, 'available'),
(103, 'Best Western Toronto Central', 300.00, 'TV, air condition', 'triple', 'none', TRUE, NULL, 'available'),
(104, 'Best Western Toronto Central', 350.00, 'TV, air condition, fridge', 'family', 'sea', TRUE, NULL, 'available'),
(105, 'Best Western Toronto Central', 280.00, 'TV, air condition', 'double', 'mountain', TRUE, NULL, 'available'),
(101, 'Best Western Toronto North', 190.00, 'TV, air condition', 'single', 'none', FALSE, NULL, 'available'),
(102, 'Best Western Toronto North', 240.00, 'TV, air condition, fridge', 'double', 'sea', TRUE, NULL, 'available'),
(103, 'Best Western Toronto North', 280.00, 'TV, air condition', 'triple', 'mountain', TRUE, NULL, 'available'),
(104, 'Best Western Toronto North', 330.00, 'TV, air condition, fridge', 'family', 'none', TRUE, NULL, 'available'),
(105, 'Best Western Toronto North', 260.00, 'TV, air condition', 'double', 'sea', TRUE, NULL, 'available'),
(101, 'Best Western NY', 200.00, 'TV, air condition', 'single', 'sea', FALSE, NULL, 'available'),
(102, 'Best Western NY', 250.00, 'TV, air condition, fridge', 'double', 'mountain', TRUE, NULL, 'available'),
(103, 'Best Western NY', 290.00, 'TV, air condition', 'triple', 'none', TRUE, NULL, 'available'),
(104, 'Best Western NY', 340.00, 'TV, air condition, fridge', 'family', 'sea', TRUE, NULL, 'available'),
(105, 'Best Western NY', 270.00, 'TV, air condition', 'double', 'mountain', TRUE, NULL, 'available'),
(101, 'Best Western LA', 210.00, 'TV, air condition', 'single', 'none', FALSE, NULL, 'available'),
(102, 'Best Western LA', 260.00, 'TV, air condition, fridge', 'double', 'sea', TRUE, NULL, 'available'),
(103, 'Best Western LA', 300.00, 'TV, air condition', 'triple', 'mountain', TRUE, NULL, 'available'),
(104, 'Best Western LA', 350.00, 'TV, air condition, fridge', 'family', 'none', TRUE, NULL, 'available'),
(105, 'Best Western LA', 280.00, 'TV, air condition', 'double', 'sea', TRUE, NULL, 'available'),
(101, 'Best Western Chicago', 200.00, 'TV, air condition', 'single', 'sea', FALSE, NULL, 'available'),
(102, 'Best Western Chicago', 250.00, 'TV, air condition, fridge', 'double', 'mountain', TRUE, NULL, 'available'),
(103, 'Best Western Chicago', 290.00, 'TV, air condition', 'triple', 'none', TRUE, NULL, 'available'),
(104, 'Best Western Chicago', 340.00, 'TV, air condition, fridge', 'family', 'sea', TRUE, NULL, 'available'),
(105, 'Best Western Chicago', 270.00, 'TV, air condition', 'double', 'mountain', TRUE, NULL, 'available'),
(101, 'Best Western Miami', 190.00, 'TV, air condition', 'single', 'none', FALSE, NULL, 'available'),
(102, 'Best Western Miami', 240.00, 'TV, air condition, fridge', 'double', 'sea', TRUE, NULL, 'available'),
(103, 'Best Western Miami', 280.00, 'TV, air condition', 'triple', 'mountain', TRUE, NULL, 'available'),
(104, 'Best Western Miami', 330.00, 'TV, air condition, fridge', 'family', 'none', TRUE, NULL, 'available'),
(105, 'Best Western Miami', 260.00, 'TV, air condition', 'double', 'sea', TRUE, NULL, 'available')
ON CONFLICT (room_number, hotel_name) DO NOTHING;


INSERT INTO Employee (SSN, first_name, mid_name, last_name, country, city, street_number, unit_number, zip_code, role, hotel_name, manager_SSN) VALUES
-- Hilton NY Downtown
('1', 'John', NULL, 'Doe', 'USA', 'New York', '123', 'A1', '10001', 'manager', 'Hilton NY Downtown', NULL),
('2', 'Jane', NULL, 'Smith', 'USA', 'New York', '124', 'A2', '10002', 'staff', 'Hilton NY Downtown', '1'),
('3', 'Mike', NULL, 'Johnson', 'USA', 'New York', '125', 'A3', '10003', 'staff', 'Hilton NY Downtown', '1'),
-- Hilton NY Midtown
('4', 'Sarah', NULL, 'Brown', 'USA', 'New York', '126', 'B1', '10004', 'manager', 'Hilton NY Midtown', NULL),
('5', 'Tom', NULL, 'Wilson', 'USA', 'New York', '127', 'B2', '10005', 'staff', 'Hilton NY Midtown', '4'),
('6', 'Lisa', NULL, 'Davis', 'USA', 'New York', '128', 'B3', '10006', 'staff', 'Hilton NY Midtown', '4'),
-- Hilton LA Central
('7', 'Robert', NULL, 'Taylor', 'USA', 'Los Angeles', '129', 'C1', '90001', 'manager', 'Hilton LA Central', NULL),
('8', 'Emily', NULL, 'White', 'USA', 'Los Angeles', '130', 'C2', '90002', 'staff', 'Hilton LA Central', '7'),
('9', 'David', NULL, 'Lee', 'USA', 'Los Angeles', '131', 'C3', '90003', 'staff', 'Hilton LA Central', '7'),
-- Hilton LA Beach
('10', 'Anna', NULL, 'Clark', 'USA', 'Los Angeles', '132', 'D1', '90004', 'manager', 'Hilton LA Beach', NULL),
('11', 'Peter', NULL, 'Hall', 'USA', 'Los Angeles', '133', 'D2', '90005', 'staff', 'Hilton LA Beach', '10'),
('12', 'Mary', NULL, 'King', 'USA', 'Los Angeles', '134', 'D3', '90006', 'staff', 'Hilton LA Beach', '10'),
-- Hilton Miami
('13', 'James', NULL, 'Young', 'USA', 'Miami', '135', 'E1', '33101', 'manager', 'Hilton Miami', NULL),
('14', 'Laura', NULL, 'Adams', 'USA', 'Miami', '136', 'E2', '33102', 'staff', 'Hilton Miami', '13'),
('15', 'Paul', NULL, 'Scott', 'USA', 'Miami', '137', 'E3', '33103', 'staff', 'Hilton Miami', '13'),
-- Hilton Chicago
('16', 'Susan', NULL, 'Green', 'USA', 'Chicago', '138', 'F1', '60601', 'manager', 'Hilton Chicago', NULL),
('17', 'Mark', NULL, 'Baker', 'USA', 'Chicago', '139', 'F2', '60602', 'staff', 'Hilton Chicago', '16'),
('18', 'Helen', NULL, 'Turner', 'USA', 'Chicago', '140', 'F3', '60603', 'staff', 'Hilton Chicago', '16'),
-- Hilton Toronto
('19', 'Richard', NULL, 'Walker', 'Canada', 'Toronto', '141', 'G1', 'M5V2T6', 'manager', 'Hilton Toronto', NULL),
('20', 'Karen', NULL, 'Hill', 'Canada', 'Toronto', '142', 'G2', 'M5V2T7', 'staff', 'Hilton Toronto', '19'),
('21', 'George', NULL, 'Allen', 'Canada', 'Toronto', '143', 'G3', 'M5V2T8', 'staff', 'Hilton Toronto', '19'),
-- Hilton Vancouver
('22', 'Nancy', NULL, 'Lewis', 'Canada', 'Vancouver', '144', 'H1', 'V6B1H7', 'manager', 'Hilton Vancouver', NULL),
('23', 'Charles', NULL, 'Young', 'Canada', 'Vancouver', '145', 'H2', 'V6B1H8', 'staff', 'Hilton Vancouver', '22'),
('24', 'Betty', NULL, 'Harris', 'Canada', 'Vancouver', '146', 'H3', 'V6B1H9', 'staff', 'Hilton Vancouver', '22'),
-- Marriott Chicago Downtown
('25', 'Daniel', NULL, 'Moore', 'USA', 'Chicago', '147', 'I1', '60603', 'manager', 'Marriott Chicago Downtown', NULL),
('26', 'Patricia', NULL, 'Martin', 'USA', 'Chicago', '148', 'I2', '60604', 'staff', 'Marriott Chicago Downtown', '25'),
('27', 'Ronald', NULL, 'Thompson', 'USA', 'Chicago', '149', 'I3', '60605', 'staff', 'Marriott Chicago Downtown', '25'),
-- Marriott Chicago North
('28', 'Linda', NULL, 'Jones', 'USA', 'Chicago', '150', 'J1', '60606', 'manager', 'Marriott Chicago North', NULL),
('29', 'Kevin', NULL, 'Miller', 'USA', 'Chicago', '151', 'J2', '60607', 'staff', 'Marriott Chicago North', '28'),
('30', 'Ruth', NULL, 'Anderson', 'USA', 'Chicago', '152', 'J3', '60608', 'staff', 'Marriott Chicago North', '28'),
-- Marriott Miami Beach
('31', 'Edward', NULL, 'Collins', 'USA', 'Miami', '153', 'K1', '33102', 'manager', 'Marriott Miami Beach', NULL),
('32', 'Margaret', NULL, 'Stewart', 'USA', 'Miami', '154', 'K2', '33103', 'staff', 'Marriott Miami Beach', '31'),
('33', 'Thomas', NULL, 'Sanchez', 'USA', 'Miami', '155', 'K3', '33104', 'staff', 'Marriott Miami Beach', '31'),
-- Marriott Miami Central
('34', 'Dorothy', NULL, 'Morris', 'USA', 'Miami', '156', 'L1', '33105', 'manager', 'Marriott Miami Central', NULL),
('35', 'Steven', NULL, 'Rogers', 'USA', 'Miami', '157', 'L2', '33106', 'staff', 'Marriott Miami Central', '34'),
('36', 'Barbara', NULL, 'Reed', 'USA', 'Miami', '158', 'L3', '33107', 'staff', 'Marriott Miami Central', '34'),
-- Marriott LA
('37', 'Joseph', NULL, 'Cook', 'USA', 'Los Angeles', '159', 'M1', '90007', 'manager', 'Marriott LA', NULL),
('38', 'Carol', NULL, 'Morgan', 'USA', 'Los Angeles', '160', 'M2', '90008', 'staff', 'Marriott LA', '37'),
('39', 'Brian', NULL, 'Bell', 'USA', 'Los Angeles', '161', 'M3', '90009', 'staff', 'Marriott LA', '37'),
-- Marriott NY
('40', 'Sharon', NULL, 'Murphy', 'USA', 'New York', '162', 'N1', '10007', 'manager', 'Marriott NY', NULL),
('41', 'Gary', NULL, 'Bailey', 'USA', 'New York', '163', 'N2', '10008', 'staff', 'Marriott NY', '40'),
('42', 'Deborah', NULL, 'Rivera', 'USA', 'New York', '164', 'N3', '10009', 'staff', 'Marriott NY', '40'),
-- Marriott Toronto
('43', 'Kenneth', NULL, 'Cooper', 'Canada', 'Toronto', '165', 'O1', 'M5V2T9', 'manager', 'Marriott Toronto', NULL),
('44', 'Michelle', NULL, 'Richardson', 'Canada', 'Toronto', '166', 'O2', 'M5V3T0', 'staff', 'Marriott Toronto', '43'),
('45', 'Donald', NULL, 'Cox', 'Canada', 'Toronto', '167', 'O3', 'M5V3T1', 'staff', 'Marriott Toronto', '43'),
-- Marriott Vancouver
('46', 'Sandra', NULL, 'Howard', 'Canada', 'Vancouver', '168', 'P1', 'V6B1I0', 'manager', 'Marriott Vancouver', NULL),
('47', 'Anthony', NULL, 'Ward', 'Canada', 'Vancouver', '169', 'P2', 'V6B1I1', 'staff', 'Marriott Vancouver', '46'),
('48', 'Elizabeth', NULL, 'Torres', 'Canada', 'Vancouver', '170', 'P3', 'V6B1I2', 'staff', 'Marriott Vancouver', '46'),
-- Hyatt Toronto Downtown
('49', 'William', NULL, 'Peterson', 'Canada', 'Toronto', '171', 'Q1', 'M5V3T2', 'manager', 'Hyatt Toronto Downtown', NULL),
('50', 'Donna', NULL, 'Gray', 'Canada', 'Toronto', '172', 'Q2', 'M5V3T3', 'staff', 'Hyatt Toronto Downtown', '49'),
('51', 'Matthew', NULL, 'Ramirez', 'Canada', 'Toronto', '173', 'Q3', 'M5V3T4', 'staff', 'Hyatt Toronto Downtown', '49'),
-- Hyatt Toronto East
('52', 'Carolyn', NULL, 'James', 'Canada', 'Toronto', '174', 'R1', 'M5V3T5', 'manager', 'Hyatt Toronto East', NULL),
('53', 'Mark', NULL, 'Watson', 'Canada', 'Toronto', '175', 'R2', 'M5V3T6', 'staff', 'Hyatt Toronto East', '52'),
('54', 'Janet', NULL, 'Brooks', 'Canada', 'Toronto', '176', 'R3', 'M5V3T7', 'staff', 'Hyatt Toronto East', '52'),
-- Hyatt Vancouver Central
('55', 'Steven', NULL, 'Kelly', 'Canada', 'Vancouver', '177', 'S1', 'V6B1I3', 'manager', 'Hyatt Vancouver Central', NULL),
('56', 'Linda', NULL, 'Sanders', 'Canada', 'Vancouver', '178', 'S2', 'V6B1I4', 'staff', 'Hyatt Vancouver Central', '55'),
('57', 'Paul', NULL, 'Price', 'Canada', 'Vancouver', '179', 'S3', 'V6B1I5', 'staff', 'Hyatt Vancouver Central', '55'),
-- Hyatt Vancouver West
('58', 'Barbara', NULL, 'Bennett', 'Canada', 'Vancouver', '180', 'T1', 'V6B1I6', 'manager', 'Hyatt Vancouver West', NULL),
('59', 'James', NULL, 'Wood', 'Canada', 'Vancouver', '181', 'T2', 'V6B1I7', 'staff', 'Hyatt Vancouver West', '58'),
('60', 'Patricia', NULL, 'Barnes', 'Canada', 'Vancouver', '182', 'T3', 'V6B1I8', 'staff', 'Hyatt Vancouver West', '58'),
-- Hyatt NY
('61', 'Robert', NULL, 'Ross', 'USA', 'New York', '183', 'U1', '10010', 'manager', 'Hyatt NY', NULL),
('62', 'Susan', NULL, 'Henderson', 'USA', 'New York', '184', 'U2', '10011', 'staff', 'Hyatt NY', '61'),
('63', 'Michael', NULL, 'Coleman', 'USA', 'New York', '185', 'U3', '10012', 'staff', 'Hyatt NY', '61'),
-- Hyatt LA
('64', 'Nancy', NULL, 'Jenkins', 'USA', 'Los Angeles', '186', 'V1', '90010', 'manager', 'Hyatt LA', NULL),
('65', 'David', NULL, 'Perry', 'USA', 'Los Angeles', '187', 'V2', '90011', 'staff', 'Hyatt LA', '64'),
('66', 'Karen', NULL, 'Powell', 'USA', 'Los Angeles', '188', 'V3', '90012', 'staff', 'Hyatt LA', '64'),
-- Hyatt Chicago
('67', 'Charles', NULL, 'Long', 'USA', 'Chicago', '189', 'W1', '60609', 'manager', 'Hyatt Chicago', NULL),
('68', 'Betty', NULL, 'Patterson', 'USA', 'Chicago', '190', 'W2', '60610', 'staff', 'Hyatt Chicago', '67'),
('69', 'Joseph', NULL, 'Hughes', 'USA', 'Chicago', '191', 'W3', '60611', 'staff', 'Hyatt Chicago', '67'),
-- Hyatt Miami
('70', 'Sandra', NULL, 'Flores', 'USA', 'Miami', '192', 'X1', '33108', 'manager', 'Hyatt Miami', NULL),
('71', 'Anthony', NULL, 'Washington', 'USA', 'Miami', '193', 'X2', '33109', 'staff', 'Hyatt Miami', '70'),
('72', 'Elizabeth', NULL, 'Butler', 'USA', 'Miami', '194', 'X3', '33110', 'staff', 'Hyatt Miami', '70'),
-- Sheraton LA Downtown
('73', 'William', NULL, 'Simmons', 'USA', 'Los Angeles', '195', 'Y1', '90013', 'manager', 'Sheraton LA Downtown', NULL),
('74', 'Donna', NULL, 'Foster', 'USA', 'Los Angeles', '196', 'Y2', '90014', 'staff', 'Sheraton LA Downtown', '73'),
('75', 'Matthew', NULL, 'Gonzales', 'USA', 'Los Angeles', '197', 'Y3', '90015', 'staff', 'Sheraton LA Downtown', '73'),
-- Sheraton LA South
('76', 'Carolyn', NULL, 'Bryant', 'USA', 'Los Angeles', '198', 'Z1', '90016', 'manager', 'Sheraton LA South', NULL),
('77', 'Mark', NULL, 'Alexander', 'USA', 'Los Angeles', '199', 'Z2', '90017', 'staff', 'Sheraton LA South', '76'),
('78', 'Janet', NULL, 'Russell', 'USA', 'Los Angeles', '200', 'Z3', '90018', 'staff', 'Sheraton LA South', '76'),
-- Sheraton NY Central
('79', 'Steven', NULL, 'Griffin', 'USA', 'New York', '201', 'AA1', '10013', 'manager', 'Sheraton NY Central', NULL),
('80', 'Linda', NULL, 'Diaz', 'USA', 'New York', '202', 'AA2', '10014', 'staff', 'Sheraton NY Central', '79'),
('81', 'Paul', NULL, 'Hayes', 'USA', 'New York', '203', 'AA3', '10015', 'staff', 'Sheraton NY Central', '79'),
-- Sheraton NY West
('82', 'Barbara', NULL, 'Myers', 'USA', 'New York', '204', 'BB1', '10016', 'manager', 'Sheraton NY West', NULL),
('83', 'James', NULL, 'Ford', 'USA', 'New York', '205', 'BB2', '10017', 'staff', 'Sheraton NY West', '82'),
('84', 'Patricia', NULL, 'Hamilton', 'USA', 'New York', '206', 'BB3', '10018', 'staff', 'Sheraton NY West', '82'),
-- Sheraton Chicago
('85', 'Robert', NULL, 'Graham', 'USA', 'Chicago', '207', 'CC1', '60612', 'manager', 'Sheraton Chicago', NULL),
('86', 'Susan', NULL, 'Sullivan', 'USA', 'Chicago', '208', 'CC2', '60613', 'staff', 'Sheraton Chicago', '85'),
('87', 'Michael', NULL, 'Wallace', 'USA', 'Chicago', '209', 'CC3', '60614', 'staff', 'Sheraton Chicago', '85'),
-- Sheraton Miami
('88', 'Nancy', NULL, 'Woods', 'USA', 'Miami', '210', 'DD1', '33111', 'manager', 'Sheraton Miami', NULL),
('89', 'David', NULL, 'Cole', 'USA', 'Miami', '211', 'DD2', '33112', 'staff', 'Sheraton Miami', '88'),
('90', 'Karen', NULL, 'West', 'USA', 'Miami', '212', 'DD3', '33113', 'staff', 'Sheraton Miami', '88'),
-- Sheraton Toronto
('91', 'Charles', NULL, 'Allen', 'Canada', 'Toronto', '213', 'EE1', 'M5V3T8', 'manager', 'Sheraton Toronto', NULL),
('92', 'Betty', NULL, 'Black', 'Canada', 'Toronto', '214', 'EE2', 'M5V3T9', 'staff', 'Sheraton Toronto', '91'),
('93', 'Joseph', NULL, 'Webb', 'Canada', 'Toronto', '215', 'EE3', 'M5V3U0', 'staff', 'Sheraton Toronto', '91'),
-- Sheraton Vancouver
('94', 'Sandra', NULL, 'Arnold', 'Canada', 'Vancouver', '216', 'FF1', 'V6B1I9', 'manager', 'Sheraton Vancouver', NULL),
('95', 'Anthony', NULL, 'Day', 'Canada', 'Vancouver', '217', 'FF2', 'V6B1J0', 'staff', 'Sheraton Vancouver', '94'),
('96', 'Elizabeth', NULL, 'Palmer', 'Canada', 'Vancouver', '218', 'FF3', 'V6B1J1', 'staff', 'Sheraton Vancouver', '94'),
-- Best Western Vancouver Downtown
('97', 'William', NULL, 'Payne', 'Canada', 'Vancouver', '219', 'GG1', 'V6B1J2', 'manager', 'Best Western Vancouver Downtown', NULL),
('98', 'Donna', NULL, 'Pierce', 'Canada', 'Vancouver', '220', 'GG2', 'V6B1J3', 'staff', 'Best Western Vancouver Downtown', '97'),
('99', 'Matthew', NULL, 'Carr', 'Canada', 'Vancouver', '221', 'GG3', 'V6B1J4', 'staff', 'Best Western Vancouver Downtown', '97'),
-- Best Western Vancouver East
('100', 'Carolyn', NULL, 'Lane', 'Canada', 'Vancouver', '222', 'HH1', 'V6B1J5', 'manager', 'Best Western Vancouver East', NULL),
('101', 'Mark', NULL, 'Robbins', 'Canada', 'Vancouver', '223', 'HH2', 'V6B1J6', 'staff', 'Best Western Vancouver East', '100'),
('102', 'Janet', NULL, 'Meyer', 'Canada', 'Vancouver', '224', 'HH3', 'V6B1J7', 'staff', 'Best Western Vancouver East', '100'),
-- Best Western Toronto Central
('103', 'Steven', NULL, 'Boyd', 'Canada', 'Toronto', '225', 'II1', 'M5V3U1', 'manager', 'Best Western Toronto Central', NULL),
('104', 'Linda', NULL, 'Mills', 'Canada', 'Toronto', '226', 'II2', 'M5V3U2', 'staff', 'Best Western Toronto Central', '103'),
('105', 'Paul', NULL, 'Warren', 'Canada', 'Toronto', '227', 'II3', 'M5V3U3', 'staff', 'Best Western Toronto Central', '103'),
-- Best Western Toronto North
('106', 'Barbara', NULL, 'Fox', 'Canada', 'Toronto', '228', 'JJ1', 'M5V3U4', 'manager', 'Best Western Toronto North', NULL),
('107', 'James', NULL, 'Rice', 'Canada', 'Toronto', '229', 'JJ2', 'M5V3U5', 'staff', 'Best Western Toronto North', '106'),
('108', 'Patricia', NULL, 'Wheeler', 'Canada', 'Toronto', '230', 'JJ3', 'M5V3U6', 'staff', 'Best Western Toronto North', '106'),
-- Best Western NY
('109', 'Robert', NULL, 'Burke', 'USA', 'New York', '231', 'KK1', '10019', 'manager', 'Best Western NY', NULL),
('110', 'Susan', NULL, 'Bishop', 'USA', 'New York', '232', 'KK2', '10020', 'staff', 'Best Western NY', '109'),
('111', 'Michael', NULL, 'Hunter', 'USA', 'New York', '233', 'KK3', '10021', 'staff', 'Best Western NY', '109'),
-- Best Western LA
('112', 'Nancy', NULL, 'Hicks', 'USA', 'Los Angeles', '234', 'LL1', '90019', 'manager', 'Best Western LA', NULL),
('113', 'David', NULL, 'Crawford', 'USA', 'Los Angeles', '235', 'LL2', '90020', 'staff', 'Best Western LA', '112'),
('114', 'Karen', NULL, 'Henry', 'USA', 'Los Angeles', '236', 'LL3', '90021', 'staff', 'Best Western LA', '112'),
-- Best Western Chicago
('115', 'Charles', NULL, 'Boyd', 'USA', 'Chicago', '237', 'MM1', '60615', 'manager', 'Best Western Chicago', NULL),
('116', 'Betty', NULL, 'Mason', 'USA', 'Chicago', '238', 'MM2', '60616', 'staff', 'Best Western Chicago', '115'),
('117', 'Joseph', NULL, 'Morales', 'USA', 'Chicago', '239', 'MM3', '60617', 'staff', 'Best Western Chicago', '115'),
-- Best Western Miami
('118', 'Sandra', NULL, 'Kennedy', 'USA', 'Miami', '240', 'NN1', '33114', 'manager', 'Best Western Miami', NULL),
('119', 'Anthony', NULL, 'Murray', 'USA', 'Miami', '241', 'NN2', '33115', 'staff', 'Best Western Miami', '118'),
('120', 'Elizabeth', NULL, 'Powell', 'USA', 'Miami', '242', 'NN3', '33116', 'staff', 'Best Western Miami', '118')
ON CONFLICT (SSN) DO NOTHING;